314,Agave,https://perfumist-images.fra1.cdn.digitaloceanspaces.com/assets/note/mains/files/000/090/589/normal/Capture_d%E2%80%99e%CC%81cran_2020-08-07_a%CC%80_15.53.27.png?1596808374,https://perfumist-images.fra1.cdn.digitaloceanspaces.com/assets/note/mains/files/000/090/589/thumb/Capture_d%E2%80%99e%CC%81cran_2020-08-07_a%CC%80_15.53.27.png?1596808374
1,Aldehyde,https://perfumist-images.fra1.cdn.digitaloceanspaces.com/assets/note/mains/files/000/003/206/normal/1_ALDHEHYDE.png?1540398989,https://perfumist-images.fra1.cdn.digitaloceanspaces.com/assets/note/mains/files/000/003/206/thumb/1_ALDHEHYDE.png?1540398989
3,Almond,https://perfumist-images.fra1.cdn.digitaloceanspaces.com/assets/note/mains/files/000/003/204/normal/3_amande.png?1540398976,https://perfumist-images.fra1.cdn.digitaloceanspaces.com/assets/note/mains/files/000/003/204/thumb/3_amande.png?1540398976
301,Aloe Vera,https://perfumist-images.fra1.cdn.digitaloceanspaces.com/assets/note/mains/files/000/012/276/normal/301_ALOE_VERRA.png?1540392547,https://perfumist-images.fra1.cdn.digitaloceanspaces.com/assets/note/mains/files/000/012/276/thumb/301_ALOE_VERRA.png?1540392547
5,Amber,https://perfumist-images.fra1.cdn.digitaloceanspaces.com/assets/note/mains/files/000/003/203/normal/5_ambre.png?1540398960,https://perfumist-images.fra1.cdn.digitaloceanspaces.com/assets/note/mains/files/000/003/203/thumb/5_ambre.png?1540398960
201,Ambergris,https://perfumist-images.fra1.cdn.digitaloceanspaces.com/assets/note/mains/files/000/003/579/normal/201_ambre_gris.png?1540395359,https://perfumist-images.fra1.cdn.digitaloceanspaces.com/assets/note/mains/files/000/003/579/thumb/201_ambre_gris.png?1540395359
303,Amberwood,https://perfumist-images.fra1.cdn.digitaloceanspaces.com/assets/note/mains/files/000/012/666/normal/161_Resine.png?1562140530,https://perfumist-images.fra1.cdn.digitaloceanspaces.com/assets/note/mains/files/000/012/666/thumb/161_Resine.png?1562140530
226,Ambrette,https://perfumist-images.fra1.cdn.digitaloceanspaces.com/assets/note/mains/files/000/004/295/normal/226_ambrette.png?1540394726,https://perfumist-images.fra1.cdn.digitaloceanspaces.com/assets/note/mains/files/000/004/295/thumb/226_ambrette.png?1540394726
233,Ambroxan,https://perfumist-images.fra1.cdn.digitaloceanspaces.com/assets/note/mains/files/000/004/345/normal/233_AMBROXAN.png?1540394581,https://perfumist-images.fra1.cdn.digitaloceanspaces.com/assets/note/mains/files/000/004/345/thumb/233_AMBROXAN.png?1540394581
200,Angelica,https://perfumist-images.fra1.cdn.digitaloceanspaces.com/assets/note/mains/files/000/003/472/normal/200_angelique.png?1540395379,https://perfumist-images.fra1.cdn.digitaloceanspaces.com/assets/note/mains/files/000/003/472/thumb/200_angelique.png?1540395379
307,Animalic Notes,https://perfumist-images.fra1.cdn.digitaloceanspaces.com/assets/note/mains/files/000/015/499/normal/307_animal.png?1540392338,https://perfumist-images.fra1.cdn.digitaloceanspaces.com/assets/note/mains/files/000/015/499/thumb/307_animal.png?1540392338
6,Anise,https://perfumist-images.fra1.cdn.digitaloceanspaces.com/assets/note/mains/files/000/003/202/normal/6_annis.png?1540398941,https://perfumist-images.fra1.cdn.digitaloceanspaces.com/assets/note/mains/files/000/003/202/thumb/6_annis.png?1540398941
7,Apple,https://perfumist-images.fra1.cdn.digitaloceanspaces.com/assets/note/mains/files/000/003/201/normal/7_pomme_.png?1540398929,https://perfumist-images.fra1.cdn.digitaloceanspaces.com/assets/note/mains/files/000/003/201/thumb/7_pomme_.png?1540398929
8,Apple Blossom,https://perfumist-images.fra1.cdn.digitaloceanspaces.com/assets/note/mains/files/000/003/200/normal/8_fleur_de_pommier.png?1540398914,https://perfumist-images.fra1.cdn.digitaloceanspaces.com/assets/note/mains/files/000/003/200/thumb/8_fleur_de_pommier.png?1540398914
9,Apricot,https://perfumist-images.fra1.cdn.digitaloceanspaces.com/assets/note/mains/files/000/003/199/normal/9_apricot_abricot.png?1540398899,https://perfumist-images.fra1.cdn.digitaloceanspaces.com/assets/note/mains/files/000/003/199/thumb/9_apricot_abricot.png?1540398899
10,Aromatic Notes,https://perfumist-images.fra1.cdn.digitaloceanspaces.com/assets/note/mains/files/000/003/198/normal/10_aromatique.png?1540398883,https://perfumist-images.fra1.cdn.digitaloceanspaces.com/assets/note/mains/files/000/003/198/thumb/10_aromatique.png?1540398883
11,Artemisia,https://perfumist-images.fra1.cdn.digitaloceanspaces.com/assets/note/mains/files/000/003/197/normal/11_ARTEMISIE.png?1540398867,https://perfumist-images.fra1.cdn.digitaloceanspaces.com/assets/note/mains/files/000/003/197/thumb/11_ARTEMISIE.png?1540398867
12,Bamboo,https://perfumist-images.fra1.cdn.digitaloceanspaces.com/assets/note/mains/files/000/003/196/normal/12_bambou.png?1540398854,https://perfumist-images.fra1.cdn.digitaloceanspaces.com/assets/note/mains/files/000/003/196/thumb/12_bambou.png?1540398854
309,Banana,https://perfumist-images.fra1.cdn.digitaloceanspaces.com/assets/note/mains/files/000/031/860/normal/BANANA.png?1539161800,https://perfumist-images.fra1.cdn.digitaloceanspaces.com/assets/note/mains/files/000/031/860/thumb/BANANA.png?1539161800
13,Basil,https://perfumist-images.fra1.cdn.digitaloceanspaces.com/assets/note/mains/files/000/003/195/normal/13_basilique.png?1540398840,https://perfumist-images.fra1.cdn.digitaloceanspaces.com/assets/note/mains/files/000/003/195/thumb/13_basilique.png?1540398840
263,Bay Leaf,https://perfumist-images.fra1.cdn.digitaloceanspaces.com/assets/note/mains/files/000/005/574/normal/263_feuille_de_laurier.png?1540393773,https://perfumist-images.fra1.cdn.digitaloceanspaces.com/assets/note/mains/files/000/005/574/thumb/263_feuille_de_laurier.png?1540393773
315,Beeswax,https://perfumist-images.fra1.cdn.digitaloceanspaces.com/assets/note/mains/files/000/094/088/normal/Capture_d%E2%80%99%C3%A9cran_2020-08-21_%C3%A0_13.22.22.png?1598008985,https://perfumist-images.fra1.cdn.digitaloceanspaces.com/assets/note/mains/files/000/094/088/thumb/Capture_d%E2%80%99%C3%A9cran_2020-08-21_%C3%A0_13.22.22.png?1598008985
277,Belladona,https://perfumist-images.fra1.cdn.digitaloceanspaces.com/assets/note/mains/files/000/007/419/normal/277_belladone.png?1540393412,https://perfumist-images.fra1.cdn.digitaloceanspaces.com/assets/note/mains/files/000/007/419/thumb/277_belladone.png?1540393412
270,Bellflower,https://perfumist-images.fra1.cdn.digitaloceanspaces.com/assets/note/mains/files/000/006/262/normal/270_CAMPANULE.png?1540393593,https://perfumist-images.fra1.cdn.digitaloceanspaces.com/assets/note/mains/files/000/006/262/thumb/270_CAMPANULE.png?1540393593
15,Benzoin,https://perfumist-images.fra1.cdn.digitaloceanspaces.com/assets/note/mains/files/000/003/194/normal/15_benjoin.png?1540398822,https://perfumist-images.fra1.cdn.digitaloceanspaces.com/assets/note/mains/files/000/003/194/thumb/15_benjoin.png?1540398822
16,Bergamot,https://perfumist-images.fra1.cdn.digitaloceanspaces.com/assets/note/mains/files/000/003/191/normal/16_BERGAMOTE.png?1540398795,https://perfumist-images.fra1.cdn.digitaloceanspaces.com/assets/note/mains/files/000/003/191/thumb/16_BERGAMOTE.png?1540398795
17,Berries,https://perfumist-images.fra1.cdn.digitaloceanspaces.com/assets/note/mains/files/000/003/190/normal/156_BAIES_ROUGES.png?1540398772,https://perfumist-images.fra1.cdn.digitaloceanspaces.com/assets/note/mains/files/000/003/190/thumb/156_BAIES_ROUGES.png?1540398772
326,Bigarade,https://perfumist-images.fra1.cdn.digitaloceanspaces.com/assets/note/mains/files/000/183/450/normal/Copie_de_Design_sans_titre_%285%29.png?1625663238,https://perfumist-images.fra1.cdn.digitaloceanspaces.com/assets/note/mains/files/000/183/450/thumb/Copie_de_Design_sans_titre_%285%29.png?1625663238
242,Birch,https://perfumist-images.fra1.cdn.digitaloceanspaces.com/assets/note/mains/files/000/004/508/normal/242_BOULEAU.png?1540394353,https://perfumist-images.fra1.cdn.digitaloceanspaces.com/assets/note/mains/files/000/004/508/thumb/242_BOULEAU.png?1540394353
19,Black tea,https://perfumist-images.fra1.cdn.digitaloceanspaces.com/assets/note/mains/files/000/003/189/normal/19_the%CC%81_noir.png?1540398730,https://perfumist-images.fra1.cdn.digitaloceanspaces.com/assets/note/mains/files/000/003/189/thumb/19_the%CC%81_noir.png?1540398730
20,Blackberry,https://perfumist-images.fra1.cdn.digitaloceanspaces.com/assets/note/mains/files/000/003/187/normal/20_MURE.png?1540398716,https://perfumist-images.fra1.cdn.digitaloceanspaces.com/assets/note/mains/files/000/003/187/thumb/20_MURE.png?1540398716
22,Blackcurrant,https://perfumist-images.fra1.cdn.digitaloceanspaces.com/assets/note/mains/files/000/003/186/normal/Cassis.png?1432700805,https://perfumist-images.fra1.cdn.digitaloceanspaces.com/assets/note/mains/files/000/003/186/thumb/Cassis.png?1432700805
213,Blueberry,https://perfumist-images.fra1.cdn.digitaloceanspaces.com/assets/note/mains/files/000/003/873/normal/213_MYRTILLE.png?1540395063,https://perfumist-images.fra1.cdn.digitaloceanspaces.com/assets/note/mains/files/000/003/873/thumb/213_MYRTILLE.png?1540395063
279,Boronia,https://perfumist-images.fra1.cdn.digitaloceanspaces.com/assets/note/mains/files/000/007/810/normal/279_BORONIA.png?1540393344,https://perfumist-images.fra1.cdn.digitaloceanspaces.com/assets/note/mains/files/000/007/810/thumb/279_BORONIA.png?1540393344
300,Broom,https://perfumist-images.fra1.cdn.digitaloceanspaces.com/assets/note/mains/files/000/012/057/normal/300_GENET.png?1540392581,https://perfumist-images.fra1.cdn.digitaloceanspaces.com/assets/note/mains/files/000/012/057/thumb/300_GENET.png?1540392581
331,Butter Note,https://perfumist-images.fra1.cdn.digitaloceanspaces.com/assets/note/mains/files/000/231/254/normal/58b16f11102ddecdee0dd034.png?1639498336,https://perfumist-images.fra1.cdn.digitaloceanspaces.com/assets/note/mains/files/000/231/254/thumb/58b16f11102ddecdee0dd034.png?1639498336
25,Cacao,https://perfumist-images.fra1.cdn.digitaloceanspaces.com/assets/note/mains/files/000/003/183/normal/25_CACAO.png?1540398631,https://perfumist-images.fra1.cdn.digitaloceanspaces.com/assets/note/mains/files/000/003/183/thumb/25_CACAO.png?1540398631
262,Cactus,https://perfumist-images.fra1.cdn.digitaloceanspaces.com/assets/note/mains/files/000/005/298/normal/262_CACTUS.png?1540393793,https://perfumist-images.fra1.cdn.digitaloceanspaces.com/assets/note/mains/files/000/005/298/thumb/262_CACTUS.png?1540393793
322,Cade oil,https://perfumist-images.fra1.cdn.digitaloceanspaces.com/assets/note/mains/files/000/171/634/normal/Sans_titre_%285%29.png?1621413943,https://perfumist-images.fra1.cdn.digitaloceanspaces.com/assets/note/mains/files/000/171/634/thumb/Sans_titre_%285%29.png?1621413943
293,Camellia,https://perfumist-images.fra1.cdn.digitaloceanspaces.com/assets/note/mains/files/000/011/310/normal/293_CAMELIA.png?1540392792,https://perfumist-images.fra1.cdn.digitaloceanspaces.com/assets/note/mains/files/000/011/310/thumb/293_CAMELIA.png?1540392792
218,Cannabis,https://perfumist-images.fra1.cdn.digitaloceanspaces.com/assets/note/mains/files/000/004/014/normal/218_CANABIS.png?1540394957,https://perfumist-images.fra1.cdn.digitaloceanspaces.com/assets/note/mains/files/000/004/014/thumb/218_CANABIS.png?1540394957
26,Caramel,https://perfumist-images.fra1.cdn.digitaloceanspaces.com/assets/note/mains/files/000/003/182/normal/26_caramel.png?1540398618,https://perfumist-images.fra1.cdn.digitaloceanspaces.com/assets/note/mains/files/000/003/182/thumb/26_caramel.png?1540398618
206,Caraway,https://perfumist-images.fra1.cdn.digitaloceanspaces.com/assets/note/mains/files/000/003/608/normal/206_carvi.png?1540395249,https://perfumist-images.fra1.cdn.digitaloceanspaces.com/assets/note/mains/files/000/003/608/thumb/206_carvi.png?1540395249
28,Cardamom,https://perfumist-images.fra1.cdn.digitaloceanspaces.com/assets/note/mains/files/000/003/181/normal/28_cardamone.png?1540398602,https://perfumist-images.fra1.cdn.digitaloceanspaces.com/assets/note/mains/files/000/003/181/thumb/28_cardamone.png?1540398602
30,Carnation,https://perfumist-images.fra1.cdn.digitaloceanspaces.com/assets/note/mains/files/000/003/180/normal/30_OIELLET.png?1540398584,https://perfumist-images.fra1.cdn.digitaloceanspaces.com/assets/note/mains/files/000/003/180/thumb/30_OIELLET.png?1540398584
240,Carrot Seed,https://perfumist-images.fra1.cdn.digitaloceanspaces.com/assets/note/mains/files/000/004/455/normal/240_graine_de_carotte.png?1540394407,https://perfumist-images.fra1.cdn.digitaloceanspaces.com/assets/note/mains/files/000/004/455/thumb/240_graine_de_carotte.png?1540394407
31,Cascalone,https://perfumist-images.fra1.cdn.digitaloceanspaces.com/assets/note/mains/files/000/003/234/normal/31_CASCALONE.png?1540398569,https://perfumist-images.fra1.cdn.digitaloceanspaces.com/assets/note/mains/files/000/003/234/thumb/31_CASCALONE.png?1540398569
32,Cashmeran,https://perfumist-images.fra1.cdn.digitaloceanspaces.com/assets/note/mains/files/000/003/179/normal/32_cashemir.png?1540398556,https://perfumist-images.fra1.cdn.digitaloceanspaces.com/assets/note/mains/files/000/003/179/thumb/32_cashemir.png?1540398556
264,Castoreum,https://perfumist-images.fra1.cdn.digitaloceanspaces.com/assets/note/mains/files/000/005/606/normal/264_castoreum.png?1540393747,https://perfumist-images.fra1.cdn.digitaloceanspaces.com/assets/note/mains/files/000/005/606/thumb/264_castoreum.png?1540393747
36,Cedarwood,https://perfumist-images.fra1.cdn.digitaloceanspaces.com/assets/note/mains/files/000/003/176/normal/36_BOIS_DE_CEDRE.png?1540398491,https://perfumist-images.fra1.cdn.digitaloceanspaces.com/assets/note/mains/files/000/003/176/thumb/36_BOIS_DE_CEDRE.png?1540398491
37,Chamomile,https://perfumist-images.fra1.cdn.digitaloceanspaces.com/assets/note/mains/files/000/003/175/normal/37_camomille.png?1540398472,https://perfumist-images.fra1.cdn.digitaloceanspaces.com/assets/note/mains/files/000/003/175/thumb/37_camomille.png?1540398472
284,Champaca,https://perfumist-images.fra1.cdn.digitaloceanspaces.com/assets/note/mains/files/000/009/136/normal/284_champaca.png?1540393164,https://perfumist-images.fra1.cdn.digitaloceanspaces.com/assets/note/mains/files/000/009/136/thumb/284_champaca.png?1540393164
216,Champagne,https://perfumist-images.fra1.cdn.digitaloceanspaces.com/assets/note/mains/files/000/003/947/normal/216_champagne.png?1540395004,https://perfumist-images.fra1.cdn.digitaloceanspaces.com/assets/note/mains/files/000/003/947/thumb/216_champagne.png?1540395004
39,Cherry,https://perfumist-images.fra1.cdn.digitaloceanspaces.com/assets/note/mains/files/000/003/173/normal/39_cerises.png?1540398452,https://perfumist-images.fra1.cdn.digitaloceanspaces.com/assets/note/mains/files/000/003/173/thumb/39_cerises.png?1540398452
324,Cherry Blossom,https://perfumist-images.fra1.cdn.digitaloceanspaces.com/assets/note/mains/files/000/176/330/normal/Sans_titre_%282%29.png?1623088096,https://perfumist-images.fra1.cdn.digitaloceanspaces.com/assets/note/mains/files/000/176/330/thumb/Sans_titre_%282%29.png?1623088096
40,Chocolate,https://perfumist-images.fra1.cdn.digitaloceanspaces.com/assets/note/mains/files/000/003/172/normal/40_chocolat.png?1540398435,https://perfumist-images.fra1.cdn.digitaloceanspaces.com/assets/note/mains/files/000/003/172/thumb/40_chocolat.png?1540398435
41,Cinnamon,https://perfumist-images.fra1.cdn.digitaloceanspaces.com/assets/note/mains/files/000/003/171/normal/41_CANNELLE.png?1540398418,https://perfumist-images.fra1.cdn.digitaloceanspaces.com/assets/note/mains/files/000/003/171/thumb/41_CANNELLE.png?1540398418
42,Citrus notes,https://perfumist-images.fra1.cdn.digitaloceanspaces.com/assets/note/mains/files/000/003/170/normal/42_agrumes2.png?1540398403,https://perfumist-images.fra1.cdn.digitaloceanspaces.com/assets/note/mains/files/000/003/170/thumb/42_agrumes2.png?1540398403
251,Civet,https://perfumist-images.fra1.cdn.digitaloceanspaces.com/assets/note/mains/files/000/004/726/normal/251_civette.png?1540394120,https://perfumist-images.fra1.cdn.digitaloceanspaces.com/assets/note/mains/files/000/004/726/thumb/251_civette.png?1540394120
44,Clove,https://perfumist-images.fra1.cdn.digitaloceanspaces.com/assets/note/mains/files/000/003/168/normal/44_CLOU_GIROFLE.png?1540398379,https://perfumist-images.fra1.cdn.digitaloceanspaces.com/assets/note/mains/files/000/003/168/thumb/44_CLOU_GIROFLE.png?1540398379
305,Coal Carbon,https://perfumist-images.fra1.cdn.digitaloceanspaces.com/assets/note/mains/files/000/013/606/normal/305_charbon.png?1540392422,https://perfumist-images.fra1.cdn.digitaloceanspaces.com/assets/note/mains/files/000/013/606/thumb/305_charbon.png?1540392422
46,Coconut,https://perfumist-images.fra1.cdn.digitaloceanspaces.com/assets/note/mains/files/000/003/166/normal/46_noix_de_coco.png?1540398362,https://perfumist-images.fra1.cdn.digitaloceanspaces.com/assets/note/mains/files/000/003/166/thumb/46_noix_de_coco.png?1540398362
47,Coffee,https://perfumist-images.fra1.cdn.digitaloceanspaces.com/assets/note/mains/files/000/003/165/normal/47_CAFE.png?1540398347,https://perfumist-images.fra1.cdn.digitaloceanspaces.com/assets/note/mains/files/000/003/165/thumb/47_CAFE.png?1540398347
295,Cognac,https://perfumist-images.fra1.cdn.digitaloceanspaces.com/assets/note/mains/files/000/011/483/normal/295_COGNAC.png?1540392733,https://perfumist-images.fra1.cdn.digitaloceanspaces.com/assets/note/mains/files/000/011/483/thumb/295_COGNAC.png?1540392733
49,Coriander,https://perfumist-images.fra1.cdn.digitaloceanspaces.com/assets/note/mains/files/000/003/164/normal/49_corriandre.png?1540398325,https://perfumist-images.fra1.cdn.digitaloceanspaces.com/assets/note/mains/files/000/003/164/thumb/49_corriandre.png?1540398325
281,Cotton Candy,https://perfumist-images.fra1.cdn.digitaloceanspaces.com/assets/note/mains/files/000/008/111/normal/281_barbe_a%CC%80_papa.png?1540393267,https://perfumist-images.fra1.cdn.digitaloceanspaces.com/assets/note/mains/files/000/008/111/thumb/281_barbe_a%CC%80_papa.png?1540393267
265,Cotton Flower,https://perfumist-images.fra1.cdn.digitaloceanspaces.com/assets/note/mains/files/000/006/035/normal/265_fleur_de_coton.png?1540393726,https://perfumist-images.fra1.cdn.digitaloceanspaces.com/assets/note/mains/files/000/006/035/thumb/265_fleur_de_coton.png?1540393726
319,Coumarin,https://perfumist-images.fra1.cdn.digitaloceanspaces.com/assets/note/mains/files/000/161/553/normal/Sans_titre_%287%29.png?1621415637,https://perfumist-images.fra1.cdn.digitaloceanspaces.com/assets/note/mains/files/000/161/553/thumb/Sans_titre_%287%29.png?1621415637
278,Cranberry,https://perfumist-images.fra1.cdn.digitaloceanspaces.com/assets/note/mains/files/000/007/771/normal/278_canneberge.png?1540393381,https://perfumist-images.fra1.cdn.digitaloceanspaces.com/assets/note/mains/files/000/007/771/thumb/278_canneberge.png?1540393381
236,Cucumber,https://perfumist-images.fra1.cdn.digitaloceanspaces.com/assets/note/mains/files/000/004/387/normal/236_CONCOMBRE.png?1540394514,https://perfumist-images.fra1.cdn.digitaloceanspaces.com/assets/note/mains/files/000/004/387/thumb/236_CONCOMBRE.png?1540394514
50,Cumin,https://perfumist-images.fra1.cdn.digitaloceanspaces.com/assets/note/mains/files/000/003/160/normal/50_CUMIN.png?1540398283,https://perfumist-images.fra1.cdn.digitaloceanspaces.com/assets/note/mains/files/000/003/160/thumb/50_CUMIN.png?1540398283
51,Cupcake,https://perfumist-images.fra1.cdn.digitaloceanspaces.com/assets/note/mains/files/000/003/159/normal/cupcake.png?1432637791,https://perfumist-images.fra1.cdn.digitaloceanspaces.com/assets/note/mains/files/000/003/159/thumb/cupcake.png?1432637791
52,Curacao,https://perfumist-images.fra1.cdn.digitaloceanspaces.com/assets/note/mains/files/000/003/158/normal/52_CURUCAO.png?1540398263,https://perfumist-images.fra1.cdn.digitaloceanspaces.com/assets/note/mains/files/000/003/158/thumb/52_CURUCAO.png?1540398263
53,Cyclamen,https://perfumist-images.fra1.cdn.digitaloceanspaces.com/assets/note/mains/files/000/003/157/normal/53_cyclamen.png?1540398250,https://perfumist-images.fra1.cdn.digitaloceanspaces.com/assets/note/mains/files/000/003/157/thumb/53_cyclamen.png?1540398250
54,Cypress,https://perfumist-images.fra1.cdn.digitaloceanspaces.com/assets/note/mains/files/000/003/156/normal/54_cypres.png?1540398236,https://perfumist-images.fra1.cdn.digitaloceanspaces.com/assets/note/mains/files/000/003/156/thumb/54_cypres.png?1540398236
317,Cypriol,https://perfumist-images.fra1.cdn.digitaloceanspaces.com/assets/note/mains/files/000/126/817/normal/cypriolFichier_1_4x.png?1608550395,https://perfumist-images.fra1.cdn.digitaloceanspaces.com/assets/note/mains/files/000/126/817/thumb/cypriolFichier_1_4x.png?1608550395
316,Datura,https://perfumist-images.fra1.cdn.digitaloceanspaces.com/assets/note/mains/files/000/096/916/normal/Sans_titre.png?1621407613,https://perfumist-images.fra1.cdn.digitaloceanspaces.com/assets/note/mains/files/000/096/916/thumb/Sans_titre.png?1621407613
55,Davana,https://perfumist-images.fra1.cdn.digitaloceanspaces.com/assets/note/mains/files/000/003/155/normal/55_davana.png?1540398221,https://perfumist-images.fra1.cdn.digitaloceanspaces.com/assets/note/mains/files/000/003/155/thumb/55_davana.png?1540398221
329,Dill,https://perfumist-images.fra1.cdn.digitaloceanspaces.com/assets/note/mains/files/000/204/916/normal/Copie_de_Design_sans_titre.png?1631776557,https://perfumist-images.fra1.cdn.digitaloceanspaces.com/assets/note/mains/files/000/204/916/thumb/Copie_de_Design_sans_titre.png?1631776557
273,Dried Fruits,https://perfumist-images.fra1.cdn.digitaloceanspaces.com/assets/note/mains/files/000/006/592/normal/273_FRUIT_SEC.png?1540393525,https://perfumist-images.fra1.cdn.digitaloceanspaces.com/assets/note/mains/files/000/006/592/thumb/273_FRUIT_SEC.png?1540393525
296,Driftwood,https://perfumist-images.fra1.cdn.digitaloceanspaces.com/assets/note/mains/files/000/011/871/normal/296_BOIS_FLOTTE.png?1540392692,https://perfumist-images.fra1.cdn.digitaloceanspaces.com/assets/note/mains/files/000/011/871/thumb/296_BOIS_FLOTTE.png?1540392692
306,Earthy notes,https://perfumist-images.fra1.cdn.digitaloceanspaces.com/assets/note/mains/files/000/015/498/normal/306_terre.png?1540392391,https://perfumist-images.fra1.cdn.digitaloceanspaces.com/assets/note/mains/files/000/015/498/thumb/306_terre.png?1540392391
246,Ebony,https://perfumist-images.fra1.cdn.digitaloceanspaces.com/assets/note/mains/files/000/004/656/normal/246_ebene.png?1540394237,https://perfumist-images.fra1.cdn.digitaloceanspaces.com/assets/note/mains/files/000/004/656/thumb/246_ebene.png?1540394237
223,Elemi,https://perfumist-images.fra1.cdn.digitaloceanspaces.com/assets/note/mains/files/000/004/255/normal/223_elemi.png?1540394791,https://perfumist-images.fra1.cdn.digitaloceanspaces.com/assets/note/mains/files/000/004/255/thumb/223_elemi.png?1540394791
308,Eucalyptus,https://perfumist-images.fra1.cdn.digitaloceanspaces.com/assets/note/mains/files/000/022/610/normal/308_eucaliptus.png?1540392242,https://perfumist-images.fra1.cdn.digitaloceanspaces.com/assets/note/mains/files/000/022/610/thumb/308_eucaliptus.png?1540392242
252,Fennel,https://perfumist-images.fra1.cdn.digitaloceanspaces.com/assets/note/mains/files/000/004/729/normal/252_fenouille.png?1540394101,https://perfumist-images.fra1.cdn.digitaloceanspaces.com/assets/note/mains/files/000/004/729/thumb/252_fenouille.png?1540394101
320,Fenugreek,https://perfumist-images.fra1.cdn.digitaloceanspaces.com/assets/note/mains/files/000/171/619/normal/Sans_titre_%289%29.png?1621495976,https://perfumist-images.fra1.cdn.digitaloceanspaces.com/assets/note/mains/files/000/171/619/thumb/Sans_titre_%289%29.png?1621495976
288,Fern,https://perfumist-images.fra1.cdn.digitaloceanspaces.com/assets/note/mains/files/000/009/485/normal/288_fougere.png?1540393022,https://perfumist-images.fra1.cdn.digitaloceanspaces.com/assets/note/mains/files/000/009/485/thumb/288_fougere.png?1540393022
56,Fig,https://perfumist-images.fra1.cdn.digitaloceanspaces.com/assets/note/mains/files/000/003/154/normal/56_FIGUE.png?1540398208,https://perfumist-images.fra1.cdn.digitaloceanspaces.com/assets/note/mains/files/000/003/154/thumb/56_FIGUE.png?1540398208
304,Fig Leaf,https://perfumist-images.fra1.cdn.digitaloceanspaces.com/assets/note/mains/files/000/012/903/normal/304_feuille_de_figuier.png?1540392458,https://perfumist-images.fra1.cdn.digitaloceanspaces.com/assets/note/mains/files/000/012/903/thumb/304_feuille_de_figuier.png?1540392458
224,Fir,https://perfumist-images.fra1.cdn.digitaloceanspaces.com/assets/note/mains/files/000/004/256/normal/224_sapin.png?1540394769,https://perfumist-images.fra1.cdn.digitaloceanspaces.com/assets/note/mains/files/000/004/256/thumb/224_sapin.png?1540394769
59,Floral Notes,https://perfumist-images.fra1.cdn.digitaloceanspaces.com/assets/note/mains/files/000/003/151/normal/59_fleurs.png?1540398188,https://perfumist-images.fra1.cdn.digitaloceanspaces.com/assets/note/mains/files/000/003/151/thumb/59_fleurs.png?1540398188
60,Frangipani,https://perfumist-images.fra1.cdn.digitaloceanspaces.com/assets/note/mains/files/000/003/150/normal/60_frangipanier.png?1540398172,https://perfumist-images.fra1.cdn.digitaloceanspaces.com/assets/note/mains/files/000/003/150/thumb/60_frangipanier.png?1540398172
61,Freesia,https://perfumist-images.fra1.cdn.digitaloceanspaces.com/assets/note/mains/files/000/003/149/normal/61_FREESIA_2.png?1540398155,https://perfumist-images.fra1.cdn.digitaloceanspaces.com/assets/note/mains/files/000/003/149/thumb/61_FREESIA_2.png?1540398155
64,Fruity Notes,https://perfumist-images.fra1.cdn.digitaloceanspaces.com/assets/note/mains/files/000/003/147/normal/64_NOTES_FRUITEES.png?1540398131,https://perfumist-images.fra1.cdn.digitaloceanspaces.com/assets/note/mains/files/000/003/147/thumb/64_NOTES_FRUITEES.png?1540398131
65,Galbanum,https://perfumist-images.fra1.cdn.digitaloceanspaces.com/assets/note/mains/files/000/003/146/normal/65_GALBANUM.png?1540398117,https://perfumist-images.fra1.cdn.digitaloceanspaces.com/assets/note/mains/files/000/003/146/thumb/65_GALBANUM.png?1540398117
66,Gardenia,https://perfumist-images.fra1.cdn.digitaloceanspaces.com/assets/note/mains/files/000/003/145/normal/66_GARDENIA.png?1540398099,https://perfumist-images.fra1.cdn.digitaloceanspaces.com/assets/note/mains/files/000/003/145/thumb/66_GARDENIA.png?1540398099
69,Geranium,https://perfumist-images.fra1.cdn.digitaloceanspaces.com/assets/note/mains/files/000/003/142/normal/69_GERANIUM.png?1540398074,https://perfumist-images.fra1.cdn.digitaloceanspaces.com/assets/note/mains/files/000/003/142/thumb/69_GERANIUM.png?1540398074
259,Gin,https://perfumist-images.fra1.cdn.digitaloceanspaces.com/assets/note/mains/files/000/005/265/normal/259_GIN.png?1540393879,https://perfumist-images.fra1.cdn.digitaloceanspaces.com/assets/note/mains/files/000/005/265/thumb/259_GIN.png?1540393879
72,Ginger,https://perfumist-images.fra1.cdn.digitaloceanspaces.com/assets/note/mains/files/000/003/140/normal/72_GIMGEMBRE.png?1540398024,https://perfumist-images.fra1.cdn.digitaloceanspaces.com/assets/note/mains/files/000/003/140/thumb/72_GIMGEMBRE.png?1540398024
299,Glue,https://perfumist-images.fra1.cdn.digitaloceanspaces.com/assets/note/mains/files/000/012/019/normal/299_COLLE.png?1540392606,https://perfumist-images.fra1.cdn.digitaloceanspaces.com/assets/note/mains/files/000/012/019/thumb/299_COLLE.png?1540392606
74,Gourmand Notes,https://perfumist-images.fra1.cdn.digitaloceanspaces.com/assets/note/mains/files/000/003/137/normal/74_NOTES_GOURMANDES.png?1540397996,https://perfumist-images.fra1.cdn.digitaloceanspaces.com/assets/note/mains/files/000/003/137/thumb/74_NOTES_GOURMANDES.png?1540397996
75,Grapefruit,https://perfumist-images.fra1.cdn.digitaloceanspaces.com/assets/note/mains/files/000/003/136/normal/75_PAMPLEMOUSSE.png?1540397973,https://perfumist-images.fra1.cdn.digitaloceanspaces.com/assets/note/mains/files/000/003/136/thumb/75_PAMPLEMOUSSE.png?1540397973
258,Grapes,https://perfumist-images.fra1.cdn.digitaloceanspaces.com/assets/note/mains/files/000/005/260/normal/258_raisin.png?1540393903,https://perfumist-images.fra1.cdn.digitaloceanspaces.com/assets/note/mains/files/000/005/260/thumb/258_raisin.png?1540393903
77,Grass,https://perfumist-images.fra1.cdn.digitaloceanspaces.com/assets/note/mains/files/000/003/133/normal/77_HERBE.png?1540397944,https://perfumist-images.fra1.cdn.digitaloceanspaces.com/assets/note/mains/files/000/003/133/thumb/77_HERBE.png?1540397944
79,Green apple,https://perfumist-images.fra1.cdn.digitaloceanspaces.com/assets/note/mains/files/000/003/131/normal/79_pomme_VERTE.png?1540397923,https://perfumist-images.fra1.cdn.digitaloceanspaces.com/assets/note/mains/files/000/003/131/thumb/79_pomme_VERTE.png?1540397923
80,Green Notes,https://perfumist-images.fra1.cdn.digitaloceanspaces.com/assets/note/mains/files/000/003/130/normal/80_NOTES_VERTES.png?1540397897,https://perfumist-images.fra1.cdn.digitaloceanspaces.com/assets/note/mains/files/000/003/130/thumb/80_NOTES_VERTES.png?1540397897
203,Guaiac,https://perfumist-images.fra1.cdn.digitaloceanspaces.com/assets/note/mains/files/000/003/637/normal/203_GUAIAC.png?1540395315,https://perfumist-images.fra1.cdn.digitaloceanspaces.com/assets/note/mains/files/000/003/637/thumb/203_GUAIAC.png?1540395315
328,Guarana,https://perfumist-images.fra1.cdn.digitaloceanspaces.com/assets/note/mains/files/000/197/265/normal/Sans_titre_%284%29.png?1629719692,https://perfumist-images.fra1.cdn.digitaloceanspaces.com/assets/note/mains/files/000/197/265/thumb/Sans_titre_%284%29.png?1629719692
230,Guava,https://perfumist-images.fra1.cdn.digitaloceanspaces.com/assets/note/mains/files/000/004/319/normal/230_goyave.png?1540394640,https://perfumist-images.fra1.cdn.digitaloceanspaces.com/assets/note/mains/files/000/004/319/thumb/230_goyave.png?1540394640
248,Hawthorn,https://perfumist-images.fra1.cdn.digitaloceanspaces.com/assets/note/mains/files/000/004/671/normal/248_AUBEPINE.png?1540394189,https://perfumist-images.fra1.cdn.digitaloceanspaces.com/assets/note/mains/files/000/004/671/thumb/248_AUBEPINE.png?1540394189
257,Hay,https://perfumist-images.fra1.cdn.digitaloceanspaces.com/assets/note/mains/files/000/005/254/normal/257_foin.png?1540393926,https://perfumist-images.fra1.cdn.digitaloceanspaces.com/assets/note/mains/files/000/005/254/thumb/257_foin.png?1540393926
243,Hazelnut,https://perfumist-images.fra1.cdn.digitaloceanspaces.com/assets/note/mains/files/000/004/523/normal/243_NOISETTE.png?1540394318,https://perfumist-images.fra1.cdn.digitaloceanspaces.com/assets/note/mains/files/000/004/523/thumb/243_NOISETTE.png?1540394318
81,Heliotrope,https://perfumist-images.fra1.cdn.digitaloceanspaces.com/assets/note/mains/files/000/003/129/normal/81_HELIOTROPE.png?1540397881,https://perfumist-images.fra1.cdn.digitaloceanspaces.com/assets/note/mains/files/000/003/129/thumb/81_HELIOTROPE.png?1540397881
232,Hibiscus,https://perfumist-images.fra1.cdn.digitaloceanspaces.com/assets/note/mains/files/000/004/331/normal/232_HIBISCUS.png?1540394597,https://perfumist-images.fra1.cdn.digitaloceanspaces.com/assets/note/mains/files/000/004/331/thumb/232_HIBISCUS.png?1540394597
82,Honey,https://perfumist-images.fra1.cdn.digitaloceanspaces.com/assets/note/mains/files/000/003/128/normal/82_miel.png?1540397863,https://perfumist-images.fra1.cdn.digitaloceanspaces.com/assets/note/mains/files/000/003/128/thumb/82_miel.png?1540397863
84,Honeysuckle,https://perfumist-images.fra1.cdn.digitaloceanspaces.com/assets/note/mains/files/000/003/127/normal/84_chevrefeuille.png?1540397839,https://perfumist-images.fra1.cdn.digitaloceanspaces.com/assets/note/mains/files/000/003/127/thumb/84_chevrefeuille.png?1540397839
231,Hyacinth,https://perfumist-images.fra1.cdn.digitaloceanspaces.com/assets/note/mains/files/000/004/321/normal/231_JACYNTHE.png?1540394621,https://perfumist-images.fra1.cdn.digitaloceanspaces.com/assets/note/mains/files/000/004/321/thumb/231_JACYNTHE.png?1540394621
250,Immortelle,https://perfumist-images.fra1.cdn.digitaloceanspaces.com/assets/note/mains/files/000/004/703/normal/250_IMMORTELLE.png?1540394139,https://perfumist-images.fra1.cdn.digitaloceanspaces.com/assets/note/mains/files/000/004/703/thumb/250_IMMORTELLE.png?1540394139
85,Incense,https://perfumist-images.fra1.cdn.digitaloceanspaces.com/assets/note/mains/files/000/003/124/normal/85_encens.png?1540397820,https://perfumist-images.fra1.cdn.digitaloceanspaces.com/assets/note/mains/files/000/003/124/thumb/85_encens.png?1540397820
86,Iris,https://perfumist-images.fra1.cdn.digitaloceanspaces.com/assets/note/mains/files/000/003/123/normal/86_IRIS.png?1540397802,https://perfumist-images.fra1.cdn.digitaloceanspaces.com/assets/note/mains/files/000/003/123/thumb/86_IRIS.png?1540397802
298,Iso-E-Super,https://perfumist-images.fra1.cdn.digitaloceanspaces.com/assets/note/mains/files/000/011/924/normal/298_ISO-E-SUPER.png?1540392634,https://perfumist-images.fra1.cdn.digitaloceanspaces.com/assets/note/mains/files/000/011/924/thumb/298_ISO-E-SUPER.png?1540392634
283,Italian Bitter Accords,https://perfumist-images.fra1.cdn.digitaloceanspaces.com/assets/note/mains/files/000/009/128/normal/283_CAMPARI.png?1540393206,https://perfumist-images.fra1.cdn.digitaloceanspaces.com/assets/note/mains/files/000/009/128/thumb/283_CAMPARI.png?1540393206
88,Ivy,https://perfumist-images.fra1.cdn.digitaloceanspaces.com/assets/note/mains/files/000/003/120/normal/88_IVY_lierre.png?1540397784,https://perfumist-images.fra1.cdn.digitaloceanspaces.com/assets/note/mains/files/000/003/120/thumb/88_IVY_lierre.png?1540397784
89,Jasmine,https://perfumist-images.fra1.cdn.digitaloceanspaces.com/assets/note/mains/files/000/003/119/normal/89_jasmin.png?1540397769,https://perfumist-images.fra1.cdn.digitaloceanspaces.com/assets/note/mains/files/000/003/119/thumb/89_jasmin.png?1540397769
90,Juniper,https://perfumist-images.fra1.cdn.digitaloceanspaces.com/assets/note/mains/files/000/003/118/normal/90_GENEVRIER.png?1540397746,https://perfumist-images.fra1.cdn.digitaloceanspaces.com/assets/note/mains/files/000/003/118/thumb/90_GENEVRIER.png?1540397746
239,Kiwi,https://perfumist-images.fra1.cdn.digitaloceanspaces.com/assets/note/mains/files/000/004/427/normal/239_kiwi.png?1540394447,https://perfumist-images.fra1.cdn.digitaloceanspaces.com/assets/note/mains/files/000/004/427/thumb/239_kiwi.png?1540394447
221,Kumquat,https://perfumist-images.fra1.cdn.digitaloceanspaces.com/assets/note/mains/files/000/004/092/normal/221_KUMQUAT.png?1540394830,https://perfumist-images.fra1.cdn.digitaloceanspaces.com/assets/note/mains/files/000/004/092/thumb/221_KUMQUAT.png?1540394830
92,Labdanum,https://perfumist-images.fra1.cdn.digitaloceanspaces.com/assets/note/mains/files/000/003/117/normal/92_labdanum.png?1540397726,https://perfumist-images.fra1.cdn.digitaloceanspaces.com/assets/note/mains/files/000/003/117/thumb/92_labdanum.png?1540397726
93,Lavender,https://perfumist-images.fra1.cdn.digitaloceanspaces.com/assets/note/mains/files/000/003/114/normal/93_lavander_LANVANDE.png?1540397706,https://perfumist-images.fra1.cdn.digitaloceanspaces.com/assets/note/mains/files/000/003/114/thumb/93_lavander_LANVANDE.png?1540397706
94,Leather,https://perfumist-images.fra1.cdn.digitaloceanspaces.com/assets/note/mains/files/000/003/112/normal/94_CUIR.png?1540397687,https://perfumist-images.fra1.cdn.digitaloceanspaces.com/assets/note/mains/files/000/003/112/thumb/94_CUIR.png?1540397687
95,Lemon,https://perfumist-images.fra1.cdn.digitaloceanspaces.com/assets/note/mains/files/000/003/113/normal/95_CITRON.png?1540397667,https://perfumist-images.fra1.cdn.digitaloceanspaces.com/assets/note/mains/files/000/003/113/thumb/95_CITRON.png?1540397667
311,Lemongrass,https://perfumist-images.fra1.cdn.digitaloceanspaces.com/assets/note/mains/files/000/079/888/normal/Screenshot_2020-06-29_at_13.56.40.png?1593431843,https://perfumist-images.fra1.cdn.digitaloceanspaces.com/assets/note/mains/files/000/079/888/thumb/Screenshot_2020-06-29_at_13.56.40.png?1593431843
214,Licorice,https://perfumist-images.fra1.cdn.digitaloceanspaces.com/assets/note/mains/files/000/003/898/normal/214_reglisse.png?1540395040,https://perfumist-images.fra1.cdn.digitaloceanspaces.com/assets/note/mains/files/000/003/898/thumb/214_reglisse.png?1540395040
97,Lilac,https://perfumist-images.fra1.cdn.digitaloceanspaces.com/assets/note/mains/files/000/003/109/normal/97_LILAS.png?1540397643,https://perfumist-images.fra1.cdn.digitaloceanspaces.com/assets/note/mains/files/000/003/109/thumb/97_LILAS.png?1540397643
98,Lily,https://perfumist-images.fra1.cdn.digitaloceanspaces.com/assets/note/mains/files/000/003/108/normal/98_lys.png?1540397627,https://perfumist-images.fra1.cdn.digitaloceanspaces.com/assets/note/mains/files/000/003/108/thumb/98_lys.png?1540397627
99,Lily of the Valley,https://perfumist-images.fra1.cdn.digitaloceanspaces.com/assets/note/mains/files/000/003/107/normal/99_MUGUET.png?1540397602,https://perfumist-images.fra1.cdn.digitaloceanspaces.com/assets/note/mains/files/000/003/107/thumb/99_MUGUET.png?1540397602
101,Lime,https://perfumist-images.fra1.cdn.digitaloceanspaces.com/assets/note/mains/files/000/003/106/normal/101_citron_vert.png?1540397578,https://perfumist-images.fra1.cdn.digitaloceanspaces.com/assets/note/mains/files/000/003/106/thumb/101_citron_vert.png?1540397578
102,Liquor,https://perfumist-images.fra1.cdn.digitaloceanspaces.com/assets/note/mains/files/000/003/105/normal/102_liqueur.png?1540397558,https://perfumist-images.fra1.cdn.digitaloceanspaces.com/assets/note/mains/files/000/003/105/thumb/102_liqueur.png?1540397558
104,Litchi,https://perfumist-images.fra1.cdn.digitaloceanspaces.com/assets/note/mains/files/000/003/096/normal/104_litchi.png?1540397541,https://perfumist-images.fra1.cdn.digitaloceanspaces.com/assets/note/mains/files/000/003/096/thumb/104_litchi.png?1540397541
105,Lotus,https://perfumist-images.fra1.cdn.digitaloceanspaces.com/assets/note/mains/files/000/003/095/normal/105_lotus.png?1540397524,https://perfumist-images.fra1.cdn.digitaloceanspaces.com/assets/note/mains/files/000/003/095/thumb/105_lotus.png?1540397524
107,Magnolia,https://perfumist-images.fra1.cdn.digitaloceanspaces.com/assets/note/mains/files/000/003/092/normal/107_MAGNOLIA.png?1540397501,https://perfumist-images.fra1.cdn.digitaloceanspaces.com/assets/note/mains/files/000/003/092/thumb/107_MAGNOLIA.png?1540397501
274,Mahogany,https://perfumist-images.fra1.cdn.digitaloceanspaces.com/assets/note/mains/files/000/006/637/normal/274_ACAJOU.png?1540393500,https://perfumist-images.fra1.cdn.digitaloceanspaces.com/assets/note/mains/files/000/006/637/thumb/274_ACAJOU.png?1540393500
108,Mandarin,https://perfumist-images.fra1.cdn.digitaloceanspaces.com/assets/note/mains/files/000/003/091/normal/180_OU_108___MANDARINE.png?1540397483,https://perfumist-images.fra1.cdn.digitaloceanspaces.com/assets/note/mains/files/000/003/091/thumb/180_OU_108___MANDARINE.png?1540397483
109,Mango,https://perfumist-images.fra1.cdn.digitaloceanspaces.com/assets/note/mains/files/000/003/090/normal/109_mangue.png?1540397463,https://perfumist-images.fra1.cdn.digitaloceanspaces.com/assets/note/mains/files/000/003/090/thumb/109_mangue.png?1540397463
286,Maple,https://perfumist-images.fra1.cdn.digitaloceanspaces.com/assets/note/mains/files/000/009/370/normal/286_erable.png?1540393104,https://perfumist-images.fra1.cdn.digitaloceanspaces.com/assets/note/mains/files/000/009/370/thumb/286_erable.png?1540393104
267,Marshmallow,https://perfumist-images.fra1.cdn.digitaloceanspaces.com/assets/note/mains/files/000/006/194/normal/267_guimauve_1.png?1540393675,https://perfumist-images.fra1.cdn.digitaloceanspaces.com/assets/note/mains/files/000/006/194/thumb/267_guimauve_1.png?1540393675
335,Matcha,https://perfumist-images.fra1.cdn.digitaloceanspaces.com/assets/note/mains/files/000/258/223/normal/AdobeStock_209542913.png?1647337092,https://perfumist-images.fra1.cdn.digitaloceanspaces.com/assets/note/mains/files/000/258/223/thumb/AdobeStock_209542913.png?1647337092
261,Mate,https://perfumist-images.fra1.cdn.digitaloceanspaces.com/assets/note/mains/files/000/005/272/normal/261_mate.png?1540393815,https://perfumist-images.fra1.cdn.digitaloceanspaces.com/assets/note/mains/files/000/005/272/thumb/261_mate.png?1540393815
111,May Blossom,https://perfumist-images.fra1.cdn.digitaloceanspaces.com/assets/note/mains/files/000/003/088/normal/111_fleur_de_mai.png?1540397444,https://perfumist-images.fra1.cdn.digitaloceanspaces.com/assets/note/mains/files/000/003/088/thumb/111_fleur_de_mai.png?1540397444
112,Melon,https://perfumist-images.fra1.cdn.digitaloceanspaces.com/assets/note/mains/files/000/003/087/normal/112_MELON.png?1540397411,https://perfumist-images.fra1.cdn.digitaloceanspaces.com/assets/note/mains/files/000/003/087/thumb/112_MELON.png?1540397411
294,Metallic Notes,https://perfumist-images.fra1.cdn.digitaloceanspaces.com/assets/note/mains/files/000/011/313/normal/294_metal.png?1540392766,https://perfumist-images.fra1.cdn.digitaloceanspaces.com/assets/note/mains/files/000/011/313/thumb/294_metal.png?1540392766
204,Milky notes,https://perfumist-images.fra1.cdn.digitaloceanspaces.com/assets/note/mains/files/000/003/592/normal/204_MILK_lait.png?1540395291,https://perfumist-images.fra1.cdn.digitaloceanspaces.com/assets/note/mains/files/000/003/592/thumb/204_MILK_lait.png?1540395291
113,Mimosa,https://perfumist-images.fra1.cdn.digitaloceanspaces.com/assets/note/mains/files/000/003/086/normal/113_MIMOSA.png?1540397394,https://perfumist-images.fra1.cdn.digitaloceanspaces.com/assets/note/mains/files/000/003/086/thumb/113_MIMOSA.png?1540397394
332,Mineral Notes,https://perfumist-images.fra1.cdn.digitaloceanspaces.com/assets/note/mains/files/000/232/204/normal/png-clipart-crystallography-quartz-mineral-gemstone-gemstone-diamond-nature.png?1639761595,https://perfumist-images.fra1.cdn.digitaloceanspaces.com/assets/note/mains/files/000/232/204/thumb/png-clipart-crystallography-quartz-mineral-gemstone-gemstone-diamond-nature.png?1639761595
114,Mint,https://perfumist-images.fra1.cdn.digitaloceanspaces.com/assets/note/mains/files/000/003/084/normal/114_menthe.png?1540397376,https://perfumist-images.fra1.cdn.digitaloceanspaces.com/assets/note/mains/files/000/003/084/thumb/114_menthe.png?1540397376
330,Mock-orange,https://perfumist-images.fra1.cdn.digitaloceanspaces.com/assets/note/mains/files/000/229/017/normal/AdobeStock_198899554.png?1638884900,https://perfumist-images.fra1.cdn.digitaloceanspaces.com/assets/note/mains/files/000/229/017/thumb/AdobeStock_198899554.png?1638884900
260,Mojito,https://perfumist-images.fra1.cdn.digitaloceanspaces.com/assets/note/mains/files/000/005/266/normal/260_mojito.png?1540393837,https://perfumist-images.fra1.cdn.digitaloceanspaces.com/assets/note/mains/files/000/005/266/thumb/260_mojito.png?1540393837
115,Moss,https://perfumist-images.fra1.cdn.digitaloceanspaces.com/assets/note/mains/files/000/003/083/normal/115_mousse.png?1540397360,https://perfumist-images.fra1.cdn.digitaloceanspaces.com/assets/note/mains/files/000/003/083/thumb/115_mousse.png?1540397360
117,Musk,https://perfumist-images.fra1.cdn.digitaloceanspaces.com/assets/note/mains/files/000/003/082/normal/molecule.png?1571043556,https://perfumist-images.fra1.cdn.digitaloceanspaces.com/assets/note/mains/files/000/003/082/thumb/molecule.png?1571043556
202,Myrrh,https://perfumist-images.fra1.cdn.digitaloceanspaces.com/assets/note/mains/files/000/003/569/normal/202_MYRRHE.png?1540395342,https://perfumist-images.fra1.cdn.digitaloceanspaces.com/assets/note/mains/files/000/003/569/thumb/202_MYRRHE.png?1540395342
225,Myrtle,https://perfumist-images.fra1.cdn.digitaloceanspaces.com/assets/note/mains/files/000/004/266/normal/225_MYRTE.png?1540394745,https://perfumist-images.fra1.cdn.digitaloceanspaces.com/assets/note/mains/files/000/004/266/thumb/225_MYRTE.png?1540394745
235,Narcissus,https://perfumist-images.fra1.cdn.digitaloceanspaces.com/assets/note/mains/files/000/004/371/normal/235_NARCISSE.png?1540394539,https://perfumist-images.fra1.cdn.digitaloceanspaces.com/assets/note/mains/files/000/004/371/thumb/235_NARCISSE.png?1540394539
118,Neroli,https://perfumist-images.fra1.cdn.digitaloceanspaces.com/assets/note/mains/files/000/003/081/normal/118_NEROLI.png?1540397308,https://perfumist-images.fra1.cdn.digitaloceanspaces.com/assets/note/mains/files/000/003/081/thumb/118_NEROLI.png?1540397308
119,Nettle,https://perfumist-images.fra1.cdn.digitaloceanspaces.com/assets/note/mains/files/000/003/080/normal/119_ORTIE.png?1540397289,https://perfumist-images.fra1.cdn.digitaloceanspaces.com/assets/note/mains/files/000/003/080/thumb/119_ORTIE.png?1540397289
313,Nigella,https://perfumist-images.fra1.cdn.digitaloceanspaces.com/assets/note/mains/files/000/090/588/normal/Capture_d%E2%80%99e%CC%81cran_2020-08-07_a%CC%80_15.50.49.png?1596808215,https://perfumist-images.fra1.cdn.digitaloceanspaces.com/assets/note/mains/files/000/090/588/thumb/Capture_d%E2%80%99e%CC%81cran_2020-08-07_a%CC%80_15.50.49.png?1596808215
120,Nutmeg,https://perfumist-images.fra1.cdn.digitaloceanspaces.com/assets/note/mains/files/000/003/079/normal/120_NOIX_DE_MUSCADE.png?1540397271,https://perfumist-images.fra1.cdn.digitaloceanspaces.com/assets/note/mains/files/000/003/079/thumb/120_NOIX_DE_MUSCADE.png?1540397271
292,Oak,https://perfumist-images.fra1.cdn.digitaloceanspaces.com/assets/note/mains/files/000/011/084/normal/292_CHENE.png?1540392822,https://perfumist-images.fra1.cdn.digitaloceanspaces.com/assets/note/mains/files/000/011/084/thumb/292_CHENE.png?1540392822
121,Oakmoss,https://perfumist-images.fra1.cdn.digitaloceanspaces.com/assets/note/mains/files/000/003/078/normal/121_mousse_chene.png?1540397249,https://perfumist-images.fra1.cdn.digitaloceanspaces.com/assets/note/mains/files/000/003/078/thumb/121_mousse_chene.png?1540397249
327,Oleander,https://perfumist-images.fra1.cdn.digitaloceanspaces.com/assets/note/mains/files/000/183/461/normal/Copie_de_Design_sans_titre_%286%29.png?1625667480,https://perfumist-images.fra1.cdn.digitaloceanspaces.com/assets/note/mains/files/000/183/461/thumb/Copie_de_Design_sans_titre_%286%29.png?1625667480
122,Olive,https://perfumist-images.fra1.cdn.digitaloceanspaces.com/assets/note/mains/files/000/003/077/normal/122_OLIVE.png?1540397232,https://perfumist-images.fra1.cdn.digitaloceanspaces.com/assets/note/mains/files/000/003/077/thumb/122_OLIVE.png?1540397232
211,Opoponax,https://perfumist-images.fra1.cdn.digitaloceanspaces.com/assets/note/mains/files/000/003/849/normal/211_OPOPONAX.png?1540395108,https://perfumist-images.fra1.cdn.digitaloceanspaces.com/assets/note/mains/files/000/003/849/thumb/211_OPOPONAX.png?1540395108
124,Orange,https://perfumist-images.fra1.cdn.digitaloceanspaces.com/assets/note/mains/files/000/003/076/normal/124_ORANGE.png?1540397209,https://perfumist-images.fra1.cdn.digitaloceanspaces.com/assets/note/mains/files/000/003/076/thumb/124_ORANGE.png?1540397209
125,Orange Blossom,https://perfumist-images.fra1.cdn.digitaloceanspaces.com/assets/note/mains/files/000/003/075/normal/125_fleur_d_oranger.png?1540397192,https://perfumist-images.fra1.cdn.digitaloceanspaces.com/assets/note/mains/files/000/003/075/thumb/125_fleur_d_oranger.png?1540397192
127,Orchid,https://perfumist-images.fra1.cdn.digitaloceanspaces.com/assets/note/mains/files/000/003/073/normal/127_ORCHIDEE.png?1540397146,https://perfumist-images.fra1.cdn.digitaloceanspaces.com/assets/note/mains/files/000/003/073/thumb/127_ORCHIDEE.png?1540397146
276,Oregano,https://perfumist-images.fra1.cdn.digitaloceanspaces.com/assets/note/mains/files/000/007/409/normal/276_OREGAN.png?1540393450,https://perfumist-images.fra1.cdn.digitaloceanspaces.com/assets/note/mains/files/000/007/409/thumb/276_OREGAN.png?1540393450
129,Orris,https://perfumist-images.fra1.cdn.digitaloceanspaces.com/assets/note/mains/files/000/003/072/normal/orris_note.jpg?1478694876,https://perfumist-images.fra1.cdn.digitaloceanspaces.com/assets/note/mains/files/000/003/072/thumb/orris_note.jpg?1478694876
130,Osmanthus,https://perfumist-images.fra1.cdn.digitaloceanspaces.com/assets/note/mains/files/000/003/071/normal/130_OSMANTHUS.png?1540397064,https://perfumist-images.fra1.cdn.digitaloceanspaces.com/assets/note/mains/files/000/003/071/thumb/130_OSMANTHUS.png?1540397064
210,Oud Agarwood,https://perfumist-images.fra1.cdn.digitaloceanspaces.com/assets/note/mains/files/000/003/847/normal/210_bois_agar_oud.png?1540395141,https://perfumist-images.fra1.cdn.digitaloceanspaces.com/assets/note/mains/files/000/003/847/thumb/210_bois_agar_oud.png?1540395141
131,Ozonic Notes,https://perfumist-images.fra1.cdn.digitaloceanspaces.com/assets/note/mains/files/000/003/070/normal/131_OZONIC.png?1540397046,https://perfumist-images.fra1.cdn.digitaloceanspaces.com/assets/note/mains/files/000/003/070/thumb/131_OZONIC.png?1540397046
132,Papaya,https://perfumist-images.fra1.cdn.digitaloceanspaces.com/assets/note/mains/files/000/003/068/normal/132_papaye.png?1540397029,https://perfumist-images.fra1.cdn.digitaloceanspaces.com/assets/note/mains/files/000/003/068/thumb/132_papaye.png?1540397029
249,Papyrus,https://perfumist-images.fra1.cdn.digitaloceanspaces.com/assets/note/mains/files/000/004/697/normal/249_papyrus.png?1540394164,https://perfumist-images.fra1.cdn.digitaloceanspaces.com/assets/note/mains/files/000/004/697/thumb/249_papyrus.png?1540394164
133,Passion Fruit,https://perfumist-images.fra1.cdn.digitaloceanspaces.com/assets/note/mains/files/000/003/067/normal/133_FRUIT_DE_LA_PASSION.png?1540397012,https://perfumist-images.fra1.cdn.digitaloceanspaces.com/assets/note/mains/files/000/003/067/thumb/133_FRUIT_DE_LA_PASSION.png?1540397012
135,Patchouli,https://perfumist-images.fra1.cdn.digitaloceanspaces.com/assets/note/mains/files/000/003/066/normal/135_PATCHOULI.png?1540396986,https://perfumist-images.fra1.cdn.digitaloceanspaces.com/assets/note/mains/files/000/003/066/thumb/135_PATCHOULI.png?1540396986
137,Peach,https://perfumist-images.fra1.cdn.digitaloceanspaces.com/assets/note/mains/files/000/003/065/normal/137_PECHE.png?1540396948,https://perfumist-images.fra1.cdn.digitaloceanspaces.com/assets/note/mains/files/000/003/065/thumb/137_PECHE.png?1540396948
312,Peach Blossom,https://perfumist-images.fra1.cdn.digitaloceanspaces.com/assets/note/mains/files/000/090/587/normal/Capture_d%E2%80%99e%CC%81cran_2020-08-07_a%CC%80_15.44.43.png?1596807850,https://perfumist-images.fra1.cdn.digitaloceanspaces.com/assets/note/mains/files/000/090/587/thumb/Capture_d%E2%80%99e%CC%81cran_2020-08-07_a%CC%80_15.44.43.png?1596807850
138,Pear,https://perfumist-images.fra1.cdn.digitaloceanspaces.com/assets/note/mains/files/000/003/064/normal/138_poire.png?1540396920,https://perfumist-images.fra1.cdn.digitaloceanspaces.com/assets/note/mains/files/000/003/064/thumb/138_poire.png?1540396920
139,Peony,https://perfumist-images.fra1.cdn.digitaloceanspaces.com/assets/note/mains/files/000/003/063/normal/139_PIVOINE.png?1540396878,https://perfumist-images.fra1.cdn.digitaloceanspaces.com/assets/note/mains/files/000/003/063/thumb/139_PIVOINE.png?1540396878
141,Pepper,https://perfumist-images.fra1.cdn.digitaloceanspaces.com/assets/note/mains/files/000/003/062/normal/141_POIVRE.png?1540396839,https://perfumist-images.fra1.cdn.digitaloceanspaces.com/assets/note/mains/files/000/003/062/thumb/141_POIVRE.png?1540396839
280,Peru Balsam,https://perfumist-images.fra1.cdn.digitaloceanspaces.com/assets/note/mains/files/000/007/812/normal/280_BAUME_DU_PEROU.png?1540393302,https://perfumist-images.fra1.cdn.digitaloceanspaces.com/assets/note/mains/files/000/007/812/thumb/280_BAUME_DU_PEROU.png?1540393302
208,Petitgrain,https://perfumist-images.fra1.cdn.digitaloceanspaces.com/assets/note/mains/files/000/003/696/normal/208_PETIT_GRAIN.png?1540395195,https://perfumist-images.fra1.cdn.digitaloceanspaces.com/assets/note/mains/files/000/003/696/thumb/208_PETIT_GRAIN.png?1540395195
142,Pimento,https://perfumist-images.fra1.cdn.digitaloceanspaces.com/assets/note/mains/files/000/003/061/normal/142_piment.png?1540396822,https://perfumist-images.fra1.cdn.digitaloceanspaces.com/assets/note/mains/files/000/003/061/thumb/142_piment.png?1540396822
143,Pina colada,https://perfumist-images.fra1.cdn.digitaloceanspaces.com/assets/note/mains/files/000/003/060/normal/143_pina_colada.png?1540396796,https://perfumist-images.fra1.cdn.digitaloceanspaces.com/assets/note/mains/files/000/003/060/thumb/143_pina_colada.png?1540396796
144,Pine,https://perfumist-images.fra1.cdn.digitaloceanspaces.com/assets/note/mains/files/000/003/059/normal/144_pin.png?1540396773,https://perfumist-images.fra1.cdn.digitaloceanspaces.com/assets/note/mains/files/000/003/059/thumb/144_pin.png?1540396773
145,Pineapple,https://perfumist-images.fra1.cdn.digitaloceanspaces.com/assets/note/mains/files/000/003/058/normal/145_ananas.png?1540396722,https://perfumist-images.fra1.cdn.digitaloceanspaces.com/assets/note/mains/files/000/003/058/thumb/145_ananas.png?1540396722
147,Pink Pepper,https://perfumist-images.fra1.cdn.digitaloceanspaces.com/assets/note/mains/files/000/003/056/normal/147_poivre_rose.png?1540396669,https://perfumist-images.fra1.cdn.digitaloceanspaces.com/assets/note/mains/files/000/003/056/thumb/147_poivre_rose.png?1540396669
241,Pistachio,https://perfumist-images.fra1.cdn.digitaloceanspaces.com/assets/note/mains/files/000/004/460/normal/241_pistache.png?1540394383,https://perfumist-images.fra1.cdn.digitaloceanspaces.com/assets/note/mains/files/000/004/460/thumb/241_pistache.png?1540394383
148,Plum,https://perfumist-images.fra1.cdn.digitaloceanspaces.com/assets/note/mains/files/000/003/055/normal/148_prune.png?1540396649,https://perfumist-images.fra1.cdn.digitaloceanspaces.com/assets/note/mains/files/000/003/055/thumb/148_prune.png?1540396649
149,Pomegranate,https://perfumist-images.fra1.cdn.digitaloceanspaces.com/assets/note/mains/files/000/003/054/normal/149_GRENADE.png?1540396630,https://perfumist-images.fra1.cdn.digitaloceanspaces.com/assets/note/mains/files/000/003/054/thumb/149_GRENADE.png?1540396630
297,Popcorn,https://perfumist-images.fra1.cdn.digitaloceanspaces.com/assets/note/mains/files/000/011/879/normal/297_POPCORN.png?1540392660,https://perfumist-images.fra1.cdn.digitaloceanspaces.com/assets/note/mains/files/000/011/879/thumb/297_POPCORN.png?1540392660
302,Poppy,https://perfumist-images.fra1.cdn.digitaloceanspaces.com/assets/note/mains/files/000/012/278/normal/302_COQUELICOT.png?1540392520,https://perfumist-images.fra1.cdn.digitaloceanspaces.com/assets/note/mains/files/000/012/278/thumb/302_COQUELICOT.png?1540392520
207,Powdery Notes,https://perfumist-images.fra1.cdn.digitaloceanspaces.com/assets/note/mains/files/000/003/649/normal/207_NOTE_POUDREUSE.png?1540395214,https://perfumist-images.fra1.cdn.digitaloceanspaces.com/assets/note/mains/files/000/003/649/thumb/207_NOTE_POUDREUSE.png?1540395214
217,Praline,https://perfumist-images.fra1.cdn.digitaloceanspaces.com/assets/note/mains/files/000/004/001/normal/217_praline.png?1540394982,https://perfumist-images.fra1.cdn.digitaloceanspaces.com/assets/note/mains/files/000/004/001/thumb/217_praline.png?1540394982
310,Pumpkin,https://perfumist-images.fra1.cdn.digitaloceanspaces.com/assets/note/mains/files/000/031/861/normal/CITROUILLE.png?1539161781,https://perfumist-images.fra1.cdn.digitaloceanspaces.com/assets/note/mains/files/000/031/861/thumb/CITROUILLE.png?1539161781
151,Quince,https://perfumist-images.fra1.cdn.digitaloceanspaces.com/assets/note/mains/files/000/003/053/normal/151_COIN.png?1540396599,https://perfumist-images.fra1.cdn.digitaloceanspaces.com/assets/note/mains/files/000/003/053/thumb/151_COIN.png?1540396599
153,Raspberry,https://perfumist-images.fra1.cdn.digitaloceanspaces.com/assets/note/mains/files/000/003/052/normal/153_framboise.png?1540396533,https://perfumist-images.fra1.cdn.digitaloceanspaces.com/assets/note/mains/files/000/003/052/thumb/153_framboise.png?1540396533
156,Red Berries,https://perfumist-images.fra1.cdn.digitaloceanspaces.com/assets/note/mains/files/000/003/049/normal/156_BAIES_ROUGES.png?1540396500,https://perfumist-images.fra1.cdn.digitaloceanspaces.com/assets/note/mains/files/000/003/049/thumb/156_BAIES_ROUGES.png?1540396500
291,Red Wine,https://perfumist-images.fra1.cdn.digitaloceanspaces.com/assets/note/mains/files/000/011/078/normal/291_vin_rouge.png?1540392852,https://perfumist-images.fra1.cdn.digitaloceanspaces.com/assets/note/mains/files/000/011/078/thumb/291_vin_rouge.png?1540392852
159,Redcurrant,https://perfumist-images.fra1.cdn.digitaloceanspaces.com/assets/note/mains/files/000/003/048/normal/159_GROSEILLE.png?1540396469,https://perfumist-images.fra1.cdn.digitaloceanspaces.com/assets/note/mains/files/000/003/048/thumb/159_GROSEILLE.png?1540396469
161,Resin,https://perfumist-images.fra1.cdn.digitaloceanspaces.com/assets/note/mains/files/000/003/047/normal/161_Resine.png?1540396431,https://perfumist-images.fra1.cdn.digitaloceanspaces.com/assets/note/mains/files/000/003/047/thumb/161_Resine.png?1540396431
162,Rhubarb,https://perfumist-images.fra1.cdn.digitaloceanspaces.com/assets/note/mains/files/000/003/046/normal/162_rhubarbe.png?1540396392,https://perfumist-images.fra1.cdn.digitaloceanspaces.com/assets/note/mains/files/000/003/046/thumb/162_rhubarbe.png?1540396392
256,Rice,https://perfumist-images.fra1.cdn.digitaloceanspaces.com/assets/note/mains/files/000/005/234/normal/256_riz.png?1540393947,https://perfumist-images.fra1.cdn.digitaloceanspaces.com/assets/note/mains/files/000/005/234/thumb/256_riz.png?1540393947
163,Rose,https://perfumist-images.fra1.cdn.digitaloceanspaces.com/assets/note/mains/files/000/003/045/normal/163_ROSE_CENTIFOLIA.png?1540396348,https://perfumist-images.fra1.cdn.digitaloceanspaces.com/assets/note/mains/files/000/003/045/thumb/163_ROSE_CENTIFOLIA.png?1540396348
164,Rosemary,https://perfumist-images.fra1.cdn.digitaloceanspaces.com/assets/note/mains/files/000/003/044/normal/164_ROMARIN.png?1540396315,https://perfumist-images.fra1.cdn.digitaloceanspaces.com/assets/note/mains/files/000/003/044/thumb/164_ROMARIN.png?1540396315
247,Rosewood,https://perfumist-images.fra1.cdn.digitaloceanspaces.com/assets/note/mains/files/000/004/664/normal/247_BOIS_DE_ROSE.png?1540394213,https://perfumist-images.fra1.cdn.digitaloceanspaces.com/assets/note/mains/files/000/004/664/thumb/247_BOIS_DE_ROSE.png?1540394213
209,Rum,https://perfumist-images.fra1.cdn.digitaloceanspaces.com/assets/note/mains/files/000/003/823/normal/209_RHUM.png?1540395163,https://perfumist-images.fra1.cdn.digitaloceanspaces.com/assets/note/mains/files/000/003/823/thumb/209_RHUM.png?1540395163
165,Saffron,https://perfumist-images.fra1.cdn.digitaloceanspaces.com/assets/note/mains/files/000/003/043/normal/165_safran.png?1540396295,https://perfumist-images.fra1.cdn.digitaloceanspaces.com/assets/note/mains/files/000/003/043/thumb/165_safran.png?1540396295
166,Sage,https://perfumist-images.fra1.cdn.digitaloceanspaces.com/assets/note/mains/files/000/003/040/normal/166_sauge.png?1540396272,https://perfumist-images.fra1.cdn.digitaloceanspaces.com/assets/note/mains/files/000/003/040/thumb/166_sauge.png?1540396272
167,Salt,https://perfumist-images.fra1.cdn.digitaloceanspaces.com/assets/note/mains/files/000/003/039/normal/167_sel.png?1540396132,https://perfumist-images.fra1.cdn.digitaloceanspaces.com/assets/note/mains/files/000/003/039/thumb/167_sel.png?1540396132
269,Sand,https://perfumist-images.fra1.cdn.digitaloceanspaces.com/assets/note/mains/files/000/006/251/normal/269_SABLE.png?1540393619,https://perfumist-images.fra1.cdn.digitaloceanspaces.com/assets/note/mains/files/000/006/251/thumb/269_SABLE.png?1540393619
168,Sandalwood,https://perfumist-images.fra1.cdn.digitaloceanspaces.com/assets/note/mains/files/000/003/038/normal/168_bois_de_sental.png?1540396105,https://perfumist-images.fra1.cdn.digitaloceanspaces.com/assets/note/mains/files/000/003/038/thumb/168_bois_de_sental.png?1540396105
170,Sea,https://perfumist-images.fra1.cdn.digitaloceanspaces.com/assets/note/mains/files/000/003/037/normal/170_mer.png?1540396071,https://perfumist-images.fra1.cdn.digitaloceanspaces.com/assets/note/mains/files/000/003/037/thumb/170_mer.png?1540396071
219,Seaweed,https://perfumist-images.fra1.cdn.digitaloceanspaces.com/assets/note/mains/files/000/004/053/normal/219_algue.png?1540394878,https://perfumist-images.fra1.cdn.digitaloceanspaces.com/assets/note/mains/files/000/004/053/thumb/219_algue.png?1540394878
271,Sequoia,https://perfumist-images.fra1.cdn.digitaloceanspaces.com/assets/note/mains/files/000/006/272/normal/271_SEQUOIA.png?1540393571,https://perfumist-images.fra1.cdn.digitaloceanspaces.com/assets/note/mains/files/000/006/272/thumb/271_SEQUOIA.png?1540393571
334,Sesame,https://perfumist-images.fra1.cdn.digitaloceanspaces.com/assets/note/mains/files/000/241/371/normal/5a0c43435a997e1c2cea118f.png?1642106545,https://perfumist-images.fra1.cdn.digitaloceanspaces.com/assets/note/mains/files/000/241/371/thumb/5a0c43435a997e1c2cea118f.png?1642106545
325,Shiso,https://perfumist-images.fra1.cdn.digitaloceanspaces.com/assets/note/mains/files/000/183/435/normal/Copie_de_Design_sans_titre_%284%29.png?1625659670,https://perfumist-images.fra1.cdn.digitaloceanspaces.com/assets/note/mains/files/000/183/435/thumb/Copie_de_Design_sans_titre_%284%29.png?1625659670
285,Solar Notes,https://perfumist-images.fra1.cdn.digitaloceanspaces.com/assets/note/mains/files/000/009/329/normal/285_SOLAIRE.png?1540393134,https://perfumist-images.fra1.cdn.digitaloceanspaces.com/assets/note/mains/files/000/009/329/thumb/285_SOLAIRE.png?1540393134
268,Sorbet,https://perfumist-images.fra1.cdn.digitaloceanspaces.com/assets/note/mains/files/000/006/224/normal/268_sorbet.png?1540393647,https://perfumist-images.fra1.cdn.digitaloceanspaces.com/assets/note/mains/files/000/006/224/thumb/268_sorbet.png?1540393647
172,Spicy Notes,https://perfumist-images.fra1.cdn.digitaloceanspaces.com/assets/note/mains/files/000/003/035/normal/172_NOTES_EPICEES.png?1540395927,https://perfumist-images.fra1.cdn.digitaloceanspaces.com/assets/note/mains/files/000/003/035/thumb/172_NOTES_EPICEES.png?1540395927
244,Starfruit,https://perfumist-images.fra1.cdn.digitaloceanspaces.com/assets/note/mains/files/000/004/563/normal/244_FRUIT_ETOILE.png?1540394290,https://perfumist-images.fra1.cdn.digitaloceanspaces.com/assets/note/mains/files/000/004/563/thumb/244_FRUIT_ETOILE.png?1540394290
175,Stephanotis,https://perfumist-images.fra1.cdn.digitaloceanspaces.com/assets/note/mains/files/000/003/031/normal/175_STEPHANOTIS.png?1540395839,https://perfumist-images.fra1.cdn.digitaloceanspaces.com/assets/note/mains/files/000/003/031/thumb/175_STEPHANOTIS.png?1540395839
176,Strawberry,https://perfumist-images.fra1.cdn.digitaloceanspaces.com/assets/note/mains/files/000/003/030/normal/176_fraise.png?1540395784,https://perfumist-images.fra1.cdn.digitaloceanspaces.com/assets/note/mains/files/000/003/030/thumb/176_fraise.png?1540395784
229,Styrax,https://perfumist-images.fra1.cdn.digitaloceanspaces.com/assets/note/mains/files/000/004/312/normal/229_STYRAX.png?1540394661,https://perfumist-images.fra1.cdn.digitaloceanspaces.com/assets/note/mains/files/000/004/312/thumb/229_STYRAX.png?1540394661
177,Sugar,https://perfumist-images.fra1.cdn.digitaloceanspaces.com/assets/note/mains/files/000/003/029/normal/177_sucre.png?1540395764,https://perfumist-images.fra1.cdn.digitaloceanspaces.com/assets/note/mains/files/000/003/029/thumb/177_sucre.png?1540395764
254,Sweet Pea,https://perfumist-images.fra1.cdn.digitaloceanspaces.com/assets/note/mains/files/000/004/789/normal/254_pois_de_senteur.png?1540394006,https://perfumist-images.fra1.cdn.digitaloceanspaces.com/assets/note/mains/files/000/004/789/thumb/254_pois_de_senteur.png?1540394006
179,Tagetes,https://perfumist-images.fra1.cdn.digitaloceanspaces.com/assets/note/mains/files/000/003/028/normal/179_TAGETES.png?1540395724,https://perfumist-images.fra1.cdn.digitaloceanspaces.com/assets/note/mains/files/000/003/028/thumb/179_TAGETES.png?1540395724
234,Tamarind,https://perfumist-images.fra1.cdn.digitaloceanspaces.com/assets/note/mains/files/000/004/347/normal/234_TAMARIN.png?1540394559,https://perfumist-images.fra1.cdn.digitaloceanspaces.com/assets/note/mains/files/000/004/347/thumb/234_TAMARIN.png?1540394559
180,Tangerine,https://perfumist-images.fra1.cdn.digitaloceanspaces.com/assets/note/mains/files/000/003/027/normal/180_OU_108___MANDARINE.png?1540395702,https://perfumist-images.fra1.cdn.digitaloceanspaces.com/assets/note/mains/files/000/003/027/thumb/180_OU_108___MANDARINE.png?1540395702
255,Tarragon,https://perfumist-images.fra1.cdn.digitaloceanspaces.com/assets/note/mains/files/000/004/810/normal/255_estragon.png?1540393973,https://perfumist-images.fra1.cdn.digitaloceanspaces.com/assets/note/mains/files/000/004/810/thumb/255_estragon.png?1540393973
181,Tea,https://perfumist-images.fra1.cdn.digitaloceanspaces.com/assets/note/mains/files/000/003/026/normal/181_the%CC%81.png?1540395640,https://perfumist-images.fra1.cdn.digitaloceanspaces.com/assets/note/mains/files/000/003/026/thumb/181_the%CC%81.png?1540395640
212,Teak Wood,https://perfumist-images.fra1.cdn.digitaloceanspaces.com/assets/note/mains/files/000/003/872/normal/212_BOIS_DE_TECK.png?1540395086,https://perfumist-images.fra1.cdn.digitaloceanspaces.com/assets/note/mains/files/000/003/872/thumb/212_BOIS_DE_TECK.png?1540395086
237,Thyme,https://perfumist-images.fra1.cdn.digitaloceanspaces.com/assets/note/mains/files/000/004/408/normal/237_thym.png?1540394478,https://perfumist-images.fra1.cdn.digitaloceanspaces.com/assets/note/mains/files/000/004/408/thumb/237_thym.png?1540394478
253,Tiare Flower,https://perfumist-images.fra1.cdn.digitaloceanspaces.com/assets/note/mains/files/000/004/731/normal/253_fleur_de_tiare%CC%81.png?1540394081,https://perfumist-images.fra1.cdn.digitaloceanspaces.com/assets/note/mains/files/000/004/731/thumb/253_fleur_de_tiare%CC%81.png?1540394081
183,Tobacco,https://perfumist-images.fra1.cdn.digitaloceanspaces.com/assets/note/mains/files/000/003/025/normal/183_tabac.png?1540395622,https://perfumist-images.fra1.cdn.digitaloceanspaces.com/assets/note/mains/files/000/003/025/thumb/183_tabac.png?1540395622
287,Toffee,https://perfumist-images.fra1.cdn.digitaloceanspaces.com/assets/note/mains/files/000/009/399/normal/287_BEURRE_DE_CARAMEL.png?1540393064,https://perfumist-images.fra1.cdn.digitaloceanspaces.com/assets/note/mains/files/000/009/399/thumb/287_BEURRE_DE_CARAMEL.png?1540393064
266,Tolu Balsam,https://perfumist-images.fra1.cdn.digitaloceanspaces.com/assets/note/mains/files/000/006/144/normal/266_BAUME_DU_TOLU.png?1540393701,https://perfumist-images.fra1.cdn.digitaloceanspaces.com/assets/note/mains/files/000/006/144/thumb/266_BAUME_DU_TOLU.png?1540393701
245,Tomato,https://perfumist-images.fra1.cdn.digitaloceanspaces.com/assets/note/mains/files/000/004/577/normal/245_tomate.png?1540394258,https://perfumist-images.fra1.cdn.digitaloceanspaces.com/assets/note/mains/files/000/004/577/thumb/245_tomate.png?1540394258
184,Tonka Bean,https://perfumist-images.fra1.cdn.digitaloceanspaces.com/assets/note/mains/files/000/003/024/normal/184_feve_tonka.png?1540395602,https://perfumist-images.fra1.cdn.digitaloceanspaces.com/assets/note/mains/files/000/003/024/thumb/184_feve_tonka.png?1540395602
321,Truffle,https://perfumist-images.fra1.cdn.digitaloceanspaces.com/assets/note/mains/files/000/171/622/normal/Sans_titre_%286%29.png?1621415438,https://perfumist-images.fra1.cdn.digitaloceanspaces.com/assets/note/mains/files/000/171/622/thumb/Sans_titre_%286%29.png?1621415438
187,Tuberose,https://perfumist-images.fra1.cdn.digitaloceanspaces.com/assets/note/mains/files/000/003/023/normal/187_TUBEREUSE.png?1540395583,https://perfumist-images.fra1.cdn.digitaloceanspaces.com/assets/note/mains/files/000/003/023/thumb/187_TUBEREUSE.png?1540395583
215,Tulip,https://perfumist-images.fra1.cdn.digitaloceanspaces.com/assets/note/mains/files/000/003/903/normal/215_tulipes.png?1540395019,https://perfumist-images.fra1.cdn.digitaloceanspaces.com/assets/note/mains/files/000/003/903/thumb/215_tulipes.png?1540395019
189,Vanilla,https://perfumist-images.fra1.cdn.digitaloceanspaces.com/assets/note/mains/files/000/003/022/normal/189_vanille.png?1540395552,https://perfumist-images.fra1.cdn.digitaloceanspaces.com/assets/note/mains/files/000/003/022/thumb/189_vanille.png?1540395552
289,Verbena Lemon,https://perfumist-images.fra1.cdn.digitaloceanspaces.com/assets/note/mains/files/000/009/966/normal/289_verveine.png?1540392988,https://perfumist-images.fra1.cdn.digitaloceanspaces.com/assets/note/mains/files/000/009/966/thumb/289_verveine.png?1540392988
191,Vetiver,https://perfumist-images.fra1.cdn.digitaloceanspaces.com/assets/note/mains/files/000/003/021/normal/191_VETIVER.png?1540395521,https://perfumist-images.fra1.cdn.digitaloceanspaces.com/assets/note/mains/files/000/003/021/thumb/191_VETIVER.png?1540395521
192,Violet,https://perfumist-images.fra1.cdn.digitaloceanspaces.com/assets/note/mains/files/000/003/020/normal/192_VIOLETTES.png?1540395497,https://perfumist-images.fra1.cdn.digitaloceanspaces.com/assets/note/mains/files/000/003/020/thumb/192_VIOLETTES.png?1540395497
290,Violet Leaf,https://perfumist-images.fra1.cdn.digitaloceanspaces.com/assets/note/mains/files/000/010/482/normal/290_feuille_de_violette.png?1540392901,https://perfumist-images.fra1.cdn.digitaloceanspaces.com/assets/note/mains/files/000/010/482/thumb/290_feuille_de_violette.png?1540392901
193,Vodka,https://perfumist-images.fra1.cdn.digitaloceanspaces.com/assets/note/mains/files/000/003/647/normal/193_vodka.png?1540395474,https://perfumist-images.fra1.cdn.digitaloceanspaces.com/assets/note/mains/files/000/003/647/thumb/193_vodka.png?1540395474
227,Watermelon,https://perfumist-images.fra1.cdn.digitaloceanspaces.com/assets/note/mains/files/000/004/299/normal/227_PASTEQUE.png?1540394707,https://perfumist-images.fra1.cdn.digitaloceanspaces.com/assets/note/mains/files/000/004/299/thumb/227_PASTEQUE.png?1540394707
205,Wheat,https://perfumist-images.fra1.cdn.digitaloceanspaces.com/assets/note/mains/files/000/003/593/normal/205_BLE.png?1540395271,https://perfumist-images.fra1.cdn.digitaloceanspaces.com/assets/note/mains/files/000/003/593/thumb/205_BLE.png?1540395271
318,Whipped cream,https://perfumist-images.fra1.cdn.digitaloceanspaces.com/assets/note/mains/files/000/139/620/normal/transparent-whipped-cream-white-soft-serve-ice-creams-cream-me-5db5ad3e82ab67.1836374415721874545352.png?1612195120,https://perfumist-images.fra1.cdn.digitaloceanspaces.com/assets/note/mains/files/000/139/620/thumb/transparent-whipped-cream-white-soft-serve-ice-creams-cream-me-5db5ad3e82ab67.1836374415721874545352.png?1612195120
275,Whiskey,https://perfumist-images.fra1.cdn.digitaloceanspaces.com/assets/note/mains/files/000/007/091/normal/275_whisky.png?1540393476,https://perfumist-images.fra1.cdn.digitaloceanspaces.com/assets/note/mains/files/000/007/091/thumb/275_whisky.png?1540393476
323,White Agarwood,https://perfumist-images.fra1.cdn.digitaloceanspaces.com/assets/note/mains/files/000/175/451/normal/Sans_titre_%282%29.png?1622815577,https://perfumist-images.fra1.cdn.digitaloceanspaces.com/assets/note/mains/files/000/175/451/thumb/Sans_titre_%282%29.png?1622815577
272,Wisteria,https://perfumist-images.fra1.cdn.digitaloceanspaces.com/assets/note/mains/files/000/006/425/normal/272_GLYCINE.png?1540393550,https://perfumist-images.fra1.cdn.digitaloceanspaces.com/assets/note/mains/files/000/006/425/thumb/272_GLYCINE.png?1540393550
196,Woody Notes,https://perfumist-images.fra1.cdn.digitaloceanspaces.com/assets/note/mains/files/000/003/015/normal/196_NOTES_BOISEES.png?1540395452,https://perfumist-images.fra1.cdn.digitaloceanspaces.com/assets/note/mains/files/000/003/015/thumb/196_NOTES_BOISEES.png?1540395452
199,Ylang Ylang,https://perfumist-images.fra1.cdn.digitaloceanspaces.com/assets/note/mains/files/000/003/014/normal/199_YLANG_YLANG.png?1540395402,https://perfumist-images.fra1.cdn.digitaloceanspaces.com/assets/note/mains/files/000/003/014/thumb/199_YLANG_YLANG.png?1540395402
220,Yuzu,https://perfumist-images.fra1.cdn.digitaloceanspaces.com/assets/note/mains/files/000/004/083/normal/220_YUZU.png?1540394848,https://perfumist-images.fra1.cdn.digitaloceanspaces.com/assets/note/mains/files/000/004/083/thumb/220_YUZU.png?1540394848
